id,name,label
Targaryen Succession Map,Targaryen Succession Map,Faction
Royce,Royce,Character
George R.R. Martin,George R.R. Martin,Character
Mallister,Mallister,Character
Maester Aemon,Maester Aemon,Character
Gared,Gared,Character
Robert,Robert,Character
Waymar,Waymar,Character
Mormont,Mormont,Character
Mance Rayder,Mance Rayder,Character
Robb,Robb,Character
Bran,Bran,Character
Nan,Nan,Character
Jon,Jon,Character
Stark,Stark,Faction
Winterfell,Winterfell,Location
Theon,Theon,Character
Eddard Stark,Eddard Stark,Faction
Jory Cassel,Jory Cassel,Character
Robert of the House Baratheon,Robert of the House Baratheon,Faction
Greyjoy,Greyjoy,Character
Tullys,Tullys,Character
Jon Snow,Jon Snow,Character
Targaryen,Targaryen,Faction
Starks,Starks,Faction
Theon Greyjoy,Theon Greyjoy,Character
Hullen,Hullen,Character
Jory,Jory,Character
Rickon,Rickon,Character
Snow,Snow,Character
Ned,Ned,Character
Catelyn,Catelyn,Character
Brandon,Brandon,Character
Sansa,Sansa,Character
Arya,Arya,Character
Valyria,Valyria,Character
Ben,Ben,Character
Arryn,Arryn,Character
Jon Arryn,Jon Arryn,Character
Maester Pycelle,Maester Pycelle,Character
Brynden,Brynden,Character
Vale,Vale,Character
Maester Luwin,Maester Luwin,Character
Cersei,Cersei,Character
Viserys,Viserys,Character
Pentos,Pentos,Location
Dany,Dany,Character
Vaes Dothrak,Vaes Dothrak,Character
Westeros,Westeros,Character
Casterly Rock,Casterly Rock,Location
Dorne,Dorne,Location
Willem Darry,Willem Darry,Character
Braavos,Braavos,Location
Mother,Mother,Character
Dothraki,Dothraki,Character
Illyrio,Illyrio,Character
Drogo,Drogo,Character
Targaryens,Targaryens,Faction
Aegon,Aegon,Character
Khal Drogo,Khal Drogo,Character
Magister Illyrio,Magister Illyrio,Character
Princess Daenerys,Princess Daenerys,Character
Stormborn,Stormborn,Character
Illyrio Mopatis,Illyrio Mopatis,Character
Khal Moro,Khal Moro,Character
Rhogoro,Rhogoro,Character
Khal Drogo’s,Khal Drogo’s,Character
Jaime Lannister,Jaime Lannister,Faction
Jaime,Jaime,Character
Sandor,Sandor,Character
Baratheon,Baratheon,Character
Balon Greyjoy’s,Balon Greyjoy’s,Character
Robert Baratheon,Robert Baratheon,Character
Riverrun,Riverrun,Location
Catelyn Tully,Catelyn Tully,Character
Lyanna,Lyanna,Character
Howland Reed,Howland Reed,Character
Grace,Grace,Character
Tywin,Tywin,Character
Lysa,Lysa,Character
Robert Arryn,Robert Arryn,Character
Warden,Warden,Character
Lannister,Lannister,Faction
Joffrey,Joffrey,Character
Prince Joffrey,Prince Joffrey,Character
Kingslayer,Kingslayer,Character
Tyrion Lannister,Tyrion Lannister,Faction
Benjen Stark,Benjen Stark,Faction
Benjen,Benjen,Character
Daeren Targaryen,Daeren Targaryen,Faction
Ghost,Ghost,Character
a King’s,a King’s,Character
Luwin,Luwin,Character
Lady Arryn,Lady Arryn,Character
Ashara Dayne’s,Ashara Dayne’s,Character
Lady Catelyn,Lady Catelyn,Character
Beth,Beth,Character
Jeyne,Jeyne,Character
Myrcella,Myrcella,Character
Nymeria,Nymeria,Character
Prince Joff,Prince Joff,Character
Rhoyne,Rhoyne,Character
Prince Tommen,Prince Tommen,Character
Tommen,Tommen,Character
Lew,Lew,Character
Uncle Benjen,Uncle Benjen,Character
Uncle Ben,Uncle Ben,Character
Prince Aemon,Prince Aemon,Character
Gerold Hightower,Gerold Hightower,Location
Ser Ryam Redwyne,Ser Ryam Redwyne,Character
Arthur Dayne,Arthur Dayne,Character
Kingsguard,Kingsguard,Faction
Hodor,Hodor,Character
Lady,Lady,Character
Eddard,Eddard,Character
Stannis,Stannis,Character
Renly,Renly,Character
Lysa Arryn,Lysa Arryn,Character
Chapter NineTyrion Somewhere,Chapter NineTyrion Somewhere,Character
Tyrion,Tyrion,Character
Hound,Hound,Character
Sandor Clegane,Sandor Clegane,Character
Uncle,Uncle,Character
Lady Stark,Lady Stark,Faction
Catelyn Tully Stark,Catelyn Tully Stark,Faction
Grey Wind,Grey Wind,Character
Daenerys Targaryen,Daenerys Targaryen,Faction
Kbal Drogo,Kbal Drogo,Character
Jorah,Jorah,Character
Jhiqui,Jhiqui,Character
Irri,Irri,Character
Asshai,Asshai,Character
Cohollo,Cohollo,Character
Qotho,Qotho,Character
Alyn,Alyn,Character
Dawn,Dawn,Character
Becca,Becca,Character
Aleena,Aleena,Character
Baelor,Baelor,Character
Blessed,Blessed,Character
Varys,Varys,Character
Aerys Targaryen,Aerys Targaryen,Faction
Rhaegar,Rhaegar,Character
Jon Snow’s,Jon Snow’s,Character
Aegon Targaryen,Aegon Targaryen,Faction
Vhaghar,Vhaghar,Character
Meraxes,Meraxes,Character
Yoren,Yoren,Character
Morrec,Morrec,Character
Poole,Poole,Character
Rodrik Cassel,Rodrik Cassel,Character
Hal,Hal,Character
Maester,Maester,Character
Rodrik,Rodrik,Character
Princess Myrcella,Princess Myrcella,Character
Arya chase Nymeria,Arya chase Nymeria,Character
Barristan,Barristan,Character
Renly Baratheon,Renly Baratheon,Character
Ser Morgil’s,Ser Morgil’s,Character
Rhaegar Targaryen,Rhaegar Targaryen,Faction
Mycah,Mycah,Character
Vayon Poole,Vayon Poole,Character
Darry,Darry,Character
Cersei Lannister,Cersei Lannister,Faction
Moreo Turnitis,Moreo Turnitis,Character
Fingers,Fingers,Character
Moreo,Moreo,Character
Ser Rodrik’s,Ser Rodrik’s,Character
Aron Santagar,Aron Santagar,Character
Edmure,Edmure,Character
Littlefinger,Littlefinger,Character
Baelish,Baelish,Character
Petyr,Petyr,Character
Rhaenys,Rhaenys,Character
Tyrosh,Tyrosh,Character
Tyroshi,Tyroshi,Character
M’lord Littlefinger,M’lord Littlefinger,Character
Thorne,Thorne,Character
Jeren,Jeren,Character
Grenn,Grenn,Character
Castle Black,Castle Black,Location
Ben Stark,Ben Stark,Faction
Toad,Toad,Character
Donal Noye,Donal Noye,Character
Todder,Todder,Character
Eastwatch,Eastwatch,Faction
Stannis Baratheon,Stannis Baratheon,Character
Noye,Noye,Character
Oldtown,Oldtown,Character
Bowen Marsh,Bowen Marsh,Character
Hardin,Hardin,Character
Tyrion Lannister’s,Tyrion Lannister’s,Faction
Alliser Thorne’s,Alliser Thorne’s,Character
TwentyEddard Eddard Stark,TwentyEddard Eddard Stark,Faction
Qohor,Qohor,Character
Norvos,Norvos,Character
Lys,Lys,Character
Ser Barristan,Ser Barristan,Character
Lord Tyrell,Lord Tyrell,Character
Dornish,Dornish,Character
Ned Stark,Ned Stark,Faction
Alliser Thorne,Alliser Thorne,Character
Steward,Steward,Character
Ser Alliser Thorne,Ser Alliser Thorne,Character
Maege,Maege,Character
Bear Island,Bear Island,Location
Yohn Royce’s,Yohn Royce’s,Character
Halder,Halder,Character
Jeyne Poole,Jeyne Poole,Character
Lady Sansa,Lady Sansa,Character
Mordane,Mordane,Character
Septon Chayle,Septon Chayle,Character
Tom,Tom,Character
Arya Stark,Arya Stark,Faction
Arya clutched,Arya clutched,Character
Syrio Forel,Syrio Forel,Character
Ser Jorah,Ser Jorah,Character
Khaleesi,Khaleesi,Character
Jhogo,Jhogo,Character
Moon,Moon,Character
Lysene,Lysene,Character
Brandon Stark,Brandon Stark,Faction
Rickard,Rickard,Character
Andals,Andals,Character
Theon Greyioy,Theon Greyioy,Character
Robb Stark,Robb Stark,Faction
Maekar,Maekar,Character
Pycelle,Pycelle,Character
Grand Maester,Grand Maester,Character
Maester Colemon,Maester Colemon,Character
Grand Maester’s,Grand Maester’s,Character
Grand Maester Aethelmure,Grand Maester Aethelmure,Character
Grand Maester Pycelle,Grand Maester Pycelle,Character
His squire,His squire,Character
Ser Hugh,Ser Hugh,Character
Highgarden,Highgarden,Location
Albett,Albett,Character
Pimple,Pimple,Character
Lady Piggy,Lady Piggy,Character
Dareon,Dareon,Character
Ned Stark’s,Ned Stark’s,Faction
Randyll,Randyll,Character
Samwell Tarly,Samwell Tarly,Character
Sam,Sam,Character
Samwell,Samwell,Character
Sam confided,Sam confided,Character
Lady Tarly,Lady Tarly,Character
Rast,Rast,Character
Janos,Janos,Character
Janos Slynt,Janos Slynt,Character
Malleon,Malleon,Character
Lann,Lann,Character
Casterlys,Casterlys,Character
Redwyne,Redwyne,Character
Loras Tyrell’s,Loras Tyrell’s,Character
Porther,Porther,Character
Beric,Beric,Character
Lord Stark,Lord Stark,Faction
Mott,Mott,Character
Brown,Brown,Character
Hoster Tully,Hoster Tully,Character
Jason Mallister,Jason Mallister,Character
Patrek,Patrek,Character
Jason,Jason,Character
Masha,Masha,Character
Rygers,Rygers,Character
Brackens,Brackens,Character
Tully,Tully,Character
Marillion bounded,Marillion bounded,Character
Lady Whent,Lady Whent,Character
Ser Gregor Clegane,Ser Gregor Clegane,Character
Yohn Royce,Yohn Royce,Character
Ser Jaime,Ser Jaime,Character
Ser Robar,Ser Robar,Character
Bryce Caron,Bryce Caron,Character
Bronze Yohn’s,Bronze Yohn’s,Character
Lothor Brune,Lothor Brune,Character
Freys,Freys,Character
Marcher,Marcher,Character
Gregor,Gregor,Character
Ser Aron,Ser Aron,Character
Sansa Stark,Sansa Stark,Faction
Moon Boy,Moon Boy,Character
Moon Boy’s,Moon Boy’s,Character
Queen Cersei,Queen Cersei,Character
Ser Sandor,Ser Sandor,Character
Gallant,Gallant,Character
torchlit city,torchlit city,Location
Lannister bannerman,Lannister bannerman,Faction
Bryce Caron’s,Bryce Caron’s,Character
Lancel,Lancel,Character
Squires,Squires,Character
Ser Barristan Selmy,Ser Barristan Selmy,Character
Santagar,Santagar,Character
Barristan Selmy,Barristan Selmy,Character
Viserys Targaryen,Viserys Targaryen,Faction
Mace Tyrell,Mace Tyrell,Character
The Knight of Flowers,The Knight of Flowers,Character
Dacks,Dacks,Character
King’s Landing,King’s Landing,Location
Ser Gregor,Ser Gregor,Character
Ser Gregor’s,Ser Gregor’s,Character
Loras Tyrell,Loras Tyrell,Character
Gregor Clegane,Gregor Clegane,Character
Thoros of Myr,Thoros of Myr,Character
Syrio,Syrio,Character
Harwin,Harwin,Character
Ser Meryn,Ser Meryn,Character
Bronn,Bronn,Character
Catelyn Stark’s,Catelyn Stark’s,Faction
Catelyn Stark,Catelyn Stark,Faction
Walder Frey,Walder Frey,Character
Willis Wode,Willis Wode,Character
Marillion,Marillion,Character
Mohor,Mohor,Character
Ser Willis,Ser Willis,Character
Ser Willis Wode,Ser Willis Wode,Character
Kurleket,Kurleket,Character
Bracken,Bracken,Character
Craven,Craven,Character
Godwyn,Godwyn,Character
Desmond,Desmond,Character
ThreeEddard Robert,ThreeEddard Robert,Character
Ser Boros Blount,Ser Boros Blount,Character
Ser Donnel,Ser Donnel,Character
Lannisters,Lannisters,Faction
Donnel Waynwood,Donnel Waynwood,Character
Brynden Tully,Brynden Tully,Character
Alyssa,Alyssa,Character
Beside Ser Rodrik,Beside Ser Rodrik,Character
Donnel,Donnel,Character
Gates,Gates,Character
Marillion murmur,Marillion murmur,Character
Nestor Royce,Nestor Royce,Character
Ser Brynden,Ser Brynden,Character
Mychel,Mychel,Character
Mya,Mya,Character
Mychel Redfort,Mychel Redfort,Character
Mya Stone,Mya Stone,Character
Sky,Sky,Character
Jon Arryn’s,Jon Arryn’s,Character
Young Wyl,Young Wyl,Character
Barra,Barra,Character
Wyl,Wyl,Character
Dothraki Kingsguard,Dothraki Kingsguard,Faction
Joseth,Joseth,Character
Grey,Grey,Character
Stiv,Stiv,Character
Mance,Mance,Character
Hali,Hali,Character
Quent,Quent,Character
Wallen,Wallen,Character
Mord,Mord,Character
Lysa Anyn,Lysa Anyn,Character
Ser Brynden Tully’s,Ser Brynden Tully’s,Character
Ser Vardis,Ser Vardis,Character
Vardis,Vardis,Character
Lady Lysa,Lady Lysa,Character
Martyn Cassel,Martyn Cassel,Character
Prince Viserys,Prince Viserys,Character
Ser Arthur Dayne,Ser Arthur Dayne,Character
Vayon Poole’s,Vayon Poole’s,Character
Alyssa Arryn,Alyssa Arryn,Character
Eon Hunter,Eon Hunter,Character
Lyn Corbray,Lyn Corbray,Character
Hunter,Hunter,Character
Mummer,Mummer,Character
Haider,Haider,Character
Tower,Tower,Location
Maester Aemon’s,Maester Aemon’s,Character
Chett,Chett,Character
Aemon,Aemon,Character
Chiggen,Chiggen,Character
Clan Lannister,Clan Lannister,Faction
Gunthor,Gunthor,Character
Conn,Conn,Character
Shagga,Shagga,Character
M’lord,M’lord,Character
Joss,Joss,Character
Tywin Lannister,Tywin Lannister,Faction
Raymun Darry,Raymun Darry,Character
Loras,Loras,Character
Joff,Joff,Character
Septa Mordane,Septa Mordane,Character
Queen Naerys,Queen Naerys,Character
Petyr Baelish,Petyr Baelish,Character
Fat Tom,Fat Tom,Character
Varly,Varly,Character
Ashara,Ashara,Character
Lord Eddard,Lord Eddard,Character
Rakh haj,Rakh haj,Character
Rhaego,Rhaego,Character
Khal Ogo,Khal Ogo,Character
Naked,Naked,Character
Doreah,Doreah,Character
Khal Jommo,Khal Jommo,Character
Daenerys,Daenerys,Character
Cook,Cook,Character
Cayn,Cayn,Character
Ser Barristan’s,Ser Barristan’s,Character
Maegor,Maegor,Character
Balon Greyjoy,Balon Greyjoy,Character
Lady Tanda,Lady Tanda,Character
Bronze Yohn Royce,Bronze Yohn Royce,Character
Septon Celladar,Septon Celladar,Character
At evenfall,At evenfall,Character
Ser Jaremy Rykker,Ser Jaremy Rykker,Character
Cotter Pyke,Cotter Pyke,Character
Tyrell,Tyrell,Character
Sam Tarly,Sam Tarly,Character
Dywen,Dywen,Character
Sealord,Sealord,Character
Ser Meryn Trant,Ser Meryn Trant,Character
Arya Underfoot,Arya Underfoot,Character
Frothy,Frothy,Character
Jeyne Poole’s,Jeyne Poole’s,Character
Visenya,Visenya,Character
Prince Joffrey’s,Prince Joffrey’s,Character
Child,Child,Character
Lady Shella,Lady Shella,Character
Florian,Florian,Character
Jafer,Jafer,Character
Bass,Bass,Character
Jafer Flowers,Jafer Flowers,Character
Ser Jaremy,Ser Jaremy,Character
Rykker,Rykker,Character
Jaremy Rykker,Jaremy Rykker,Character
Hake and Dywen,Hake and Dywen,Character
Ketter,Ketter,Character
Sam clasped Jon’s,Sam clasped Jon’s,Character
Corn,Corn,Character
Frost,Frost,Character
Maester Luwin’s,Maester Luwin’s,Character
Cerwyn,Cerwyn,Character
Bolton,Bolton,Character
Karstark,Karstark,Faction
Mikken,Mikken,Character
Robett Glover,Robett Glover,Character
Maege Mormont,Maege Mormont,Character
Roose Bolton,Roose Bolton,Character
Roose,Roose,Character
Greatjon,Greatjon,Character
Boltons,Boltons,Character
Shaggydog,Shaggydog,Character
Gage,Gage,Character
Lordling,Lordling,Character
North,North,Character
Hallis Mollen,Hallis Mollen,Character
Yi Ti,Yi Ti,Character
Valyrian,Valyrian,Character
Arbor,Arbor,Character
Byan Votyris,Byan Votyris,Character
Andal,Andal,Character
Wylis Manderly,Wylis Manderly,Character
Ser Brynden Tully,Ser Brynden Tully,Character
Wylis,Wylis,Character
Ser Wendel,Ser Wendel,Character
Wendel,Wendel,Character
Ser Wylis,Ser Wylis,Character
The Drunkard’s Tower,The Drunkard’s Tower,Location
the Drunkard’s Tower,the Drunkard’s Tower,Location
Hornwood,Hornwood,Character
Rickard Karstark,Rickard Karstark,Faction
Galbart,Galbart,Character
Brynden Blackfish,Brynden Blackfish,Character
Lord Manderly,Lord Manderly,Character
Frey,Frey,Character
Ulf,Ulf,Character
Timett,Timett,Character
Flement Brax,Flement Brax,Character
Crakehall,Crakehall,Character
Marbrand,Marbrand,Character
Kevan Lannister,Kevan Lannister,Faction
Piper,Piper,Character
Karyl Vance,Karyl Vance,Character
Kevan,Kevan,Character
Ser Kevan,Ser Kevan,Character
Chella,Chella,Character
Ser Mandon Moore,Ser Mandon Moore,Character
Royces,Royces,Character
Ser Edmure,Ser Edmure,Character
Doran Martell,Doran Martell,Character
Sheila Whent,Sheila Whent,Character
Slynt,Slynt,Character
King Joffrey,King Joffrey,Character
Melt,Melt,Character
Wine,Wine,Character
Prince Rhaegar’s,Prince Rhaegar’s,Character
Walder,Walder,Character
Addam Marbrand,Addam Marbrand,Character
Twins,Twins,Character
smooth grey rock,smooth grey rock,Location
sally port,sally port,Location
Galbart Glover,Galbart Glover,Character
Whalen,Whalen,Character
Ryger,Ryger,Character
To Riverrun,To Riverrun,Location
Hoster,Hoster,Character
Jared,Jared,Character
Ser Daisy,Ser Daisy,Character
Lady Frey,Lady Frey,Character
Walda,Walda,Character
Elmar,Elmar,Character
Hake,Hake,Character
Mormonts,Mormonts,Character
Endrew,Endrew,Character
Jafer Flowers’s,Jafer Flowers’s,Character
Hobb,Hobb,Character
Matt,Matt,Character
Yet,Yet,Character
Harren,Harren,Character
Jaqqa rhan,Jaqqa rhan,Character
Khal Ogo’s,Khal Ogo’s,Character
Fogo,Fogo,Character
The Lamb Men,The Lamb Men,Character
Rakharo,Rakharo,Character
Aggo,Aggo,Character
Mirri Maz Duur,Mirri Maz Duur,Character
Mirri Maz,Mirri Maz,Character
A maester,A maester,Character
Mirri,Mirri,Character
Coratt,Coratt,Character
Lord Lefford’s,Lord Lefford’s,Character
Shae,Shae,Character
Knights,Knights,Character
Lefford,Lefford,Location
Podrick,Podrick,Character
Lydden,Lydden,Character
Tywin Lannister’s,Tywin Lannister’s,Faction
Halfman,Halfman,Character
House Stark,House Stark,Faction
Haroooooooooooooooooooooooo,Haroooooooooooooooooooooooo,Character
Umar,Umar,Character
Mallisters,Mallisters,Character
Torrhen,Torrhen,Character
Daryn Hornwood’s,Daryn Hornwood’s,Character
Banefort,Banefort,Character
Westerling,Westerling,Character
Mirri Maz Duur’s,Mirri Maz Duur’s,Character
Eroeh,Eroeh,Character
Weep,Weep,Character
Jhaqo,Jhaqo,Character
Lamb Woman,Lamb Woman,Character
Flea Bottom,Flea Bottom,Character
Buu,Buu,Character
the King’s,the King’s,Character
Joffrey Baratheon,Joffrey Baratheon,Character
Blessed Baelor,Blessed Baelor,Character
Numb,Numb,Character
Ser Rodrik,Ser Rodrik,Character
Florian the Fool,Florian the Fool,Character
Jon Stark,Jon Stark,Faction
Rickard Stark,Rickard Stark,Faction
Rodrik Stark,Rodrik Stark,Faction
Brandon the Burner,Brandon the Burner,Character
Shaggy,Shaggy,Character
Ko Pono,Ko Pono,Character
Maz Duur,Maz Duur,Character
Ser Harys Swyft,Ser Harys Swyft,Character
Gregor Clegane’s,Gregor Clegane’s,Character
Umber,Umber,Character
Brax,Brax,Character
Unleash Ser Gregor,Unleash Ser Gregor,Character
Vargo Hoat,Vargo Hoat,Character
Bold,Bold,Character
Ser Flement,Ser Flement,Character
Lord Serrett,Lord Serrett,Character
Ben Jen,Ben Jen,Character
Tytos Blackwood,Tytos Blackwood,Character
Ser Edmure Tully,Ser Edmure Tully,Character
Tytos,Tytos,Character
Maester Vyman,Maester Vyman,Character
Bethany Redwyne,Bethany Redwyne,Character
Rowan,Rowan,Character
Redwynes,Redwynes,Character
Roose Bolton’s,Roose Bolton’s,Character
Blackwood,Blackwood,Character
King Renly,King Renly,Character
Queensguard,Queensguard,Character
Argilac,Argilac,Character
CATELYN,CATELYN,Character
JEYNE,JEYNE,Character
BRYNDEN TULLY,BRYNDEN TULLY,Character
Lord Edmyn,Lord Edmyn,Character
Growing StrongMACE TYRELL,Growing StrongMACE TYRELL,Character
Qhored,Qhored,Character
DORAN NYMEROS MARTELL,DORAN NYMEROS MARTELL,Character
Sunspear,Sunspear,Character
the Free City of,the Free City of,Location
Farseer,Farseer,Character
Patience,Patience,Character
Fedwren,Fedwren,Character
Moonseye,Moonseye,Character
Skill,Skill,Character
Prince Verity,Prince Verity,Character
Fruitful Eda,Fruitful Eda,Character
Chiv,Chiv,Character
Plowman,Plowman,Character
Burrich,Burrich,Character
Fitz,Fitz,Character
Hawks,Hawks,Character
Nosy,Nosy,Character
Verity,Verity,Character
Bedded,Bedded,Character
Queen,Queen,Character
Regal,Regal,Character
Shrewd,Shrewd,Character
Vixen,Vixen,Character
Buckkeep,Buckkeep,Location
Lady Patience,Lady Patience,Character
Lady of Withywoods,Lady of Withywoods,Character
Outislander,Outislander,Character
Outislanders,Outislanders,Character
Farseers,Farseers,Character
Cob,Cob,Character
Dirk,Dirk,Character
Kerry,Kerry,Character
Nitpicker,Nitpicker,Character
Kittne,Kittne,Character
Molly Nosebleed,Molly Nosebleed,Character
Molly,Molly,Character
Dare,Dare,Character
Newboy,Newboy,Character
Springfest,Springfest,Character
Oakum,Oakum,Character
Sandsedge,Sandsedge,Character
Duchy,Duchy,Character
Wit,Wit,Character
King Shrewd,King Shrewd,Character
The Fool,The Fool,Character
Farrow,Farrow,Character
Duchess,Duchess,Character
Grimbsy,Grimbsy,Character
Sooty,Sooty,Character
the King and Queen,the King and Queen,Character
Brant,Brant,Character
Master Tullume,Master Tullume,Character
Victor,Victor,Character
Queen Graciousness,Queen Graciousness,Character
Galen,Galen,Character
Duchess of Farrow,Duchess of Farrow,Character
Lady Desire,Lady Desire,Character
Chade,Chade,Character
Sara,Sara,Character
Jessup,Jessup,Character
Lady Dahlia,Lady Dahlia,Character
Sinjon,Sinjon,Character
Hod,Hod,Character
King Taker,King Taker,Character
Sherf,Sherf,Character
Shepherd,Shepherd,Character
King Shrewd's,King Shrewd's,Character
Keppet,Keppet,Character
Molly Chandler,Molly Chandler,Character
Mavis Threadsnip,Mavis Threadsnip,Character
Scribe Fedwren,Scribe Fedwren,Character
Dowell,Dowell,Character
Molly Nosegay,Molly Nosegay,Character
Nosegay,Nosegay,Character
Queen Desire,Queen Desire,Character
Duke Kelvar,Duke Kelvar,Character
Shoaks Duchy,Shoaks Duchy,Character
Rippon Duchy,Rippon Duchy,Character
Egg,Egg,Character
Kelvar,Kelvar,Character
Shemshy,Shemshy,Character
Leon,Leon,Character
Neatbay,Neatbay,Character
Tomsby,Tomsby,Character
Tornsby,Tornsby,Character
Thyme,Thyme,Character
Tilth,Tilth,Character
Lady Thyme,Lady Thyme,Character
Hands,Hands,Character
Whitelock,Whitelock,Character
Lord Kelvar,Lord Kelvar,Character
Bayguard,Bayguard,Character
Sitswell,Sitswell,Character
Eda,Eda,Character
Lady Grace,Lady Grace,Character
Doggy,Doggy,Character
Rippon,Rippon,Character
Shoaks Duchies,Shoaks Duchies,Character
Forge,Forge,Character
King Bounty,King Bounty,Character
Woolcot,Woolcot,Character
Grace Tower,Grace Tower,Location
Croft,Croft,Character
Forging,Forging,Character
Long Beach,Long Beach,Character
Highdowns,Highdowns,Character
Tilly,Tilly,Character
Featherduster,Featherduster,Character
Son,Son,Character
the King at,the King at,Character
Smithy,Smithy,Character
Lady Patience's,Lady Patience's,Character
Lacey,Lacey,Character
Thomas,Thomas,Character
Ripper,Ripper,Character
Smith,Smith,Character
Queen Healsall,Queen Healsall,Character
Galen GALEN,Galen GALEN,Character
Serene,Serene,Character
Skillmaster,Skillmaster,Character
Merry,Merry,Character
Elderlings,Elderlings,Character
Queen Vision,Queen Vision,Character
Jade,Jade,Character
Chalced,Chalced,Character
Antler Island,Antler Island,Location
Hollow,Hollow,Character
Cloak,Cloak,Character
Gill,Gill,Character
Goodwater,Goodwater,Character
Skilling,Skilling,Character
FitzChivalry Farseer,FitzChivalry Farseer,Character
Ketkin,Ketkin,Character
Kettricken,Kettricken,Character
Princess Kettricken's,Princess Kettricken's,Character
Mountain Kingdom,Mountain Kingdom,Character
Kings,Kings,Character
Jhaampe,Jhaampe,Character
Duke Brawndy,Duke Brawndy,Character
Duke Ram,Duke Ram,Character
Rurisk,Rurisk,Character
Hawker,Hawker,Character
Seapurge,Seapurge,Character
Sevrens,Sevrens,Character
Farrow Duchies,Farrow Duchies,Character
Buck,Buck,Character
Grimmer,Grimmer,Character
Rowd,Rowd,Character
Blue Lake,Blue Lake,Location
Prince Rurisk,Prince Rurisk,Character
Jonqui,Jonqui,Character
Chyurda,Chyurda,Character
King Eyod,King Eyod,Character
Prince Verity's,Prince Verity's,Character
Princess Kettricken,Princess Kettricken,Character
the Mountain Kingdom,the Mountain Kingdom,Location
FitzChivalry,FitzChivalry,Character
Ranger,Ranger,Character
Bitch Thyme,Bitch Thyme,Character
Eyod,Eyod,Character
Prince Rurisk's,Prince Rurisk's,Character
Wade,Wade,Character
Eyed,Eyed,Character
Ruta,Ruta,Character
Warning Verity,Warning Verity,Character
Faithless Galen,Faithless Galen,Character
Warn Regal,Warn Regal,Character
Sealbay,Sealbay,Character
the Land of Mordor,the Land of Mordor,Location
Foreward,Foreward,Character
Gondolin,Gondolin,Character
Durin,Durin,Character
Elrond,Elrond,Character
Harrowdale,Harrowdale,Character
Anórien,Anórien,Character
Frodo,Frodo,Character
Sauron,Sauron,Character
Saruman,Saruman,Character
England,England,Location
Sandyman,Sandyman,Character
N. Smith,N. Smith,Character
Bilbo,Bilbo,Character
Anduin,Anduin,Character
Fallohides,Fallohides,Character
Wilderland,Wilderland,Location
Loudwater,Loudwater,Character
Buckland,Buckland,Location
Fallohidish,Fallohidish,Character
Fallohide,Fallohide,Character
Fornost,Fornost,Character
Bree,Bree,Character
Angmar,Angmar,Character
Thain,Thain,Character
Shire,Shire,Location
Michel Delving,Michel Delving,Character
Eastfarthing,Eastfarthing,Character
Dúnedain,Dúnedain,Character
Frodo Baggins,Frodo Baggins,Character
Nicotiana,Nicotiana,Character
Meriadoc Brandybuck,Meriadoc Brandybuck,Character
Tobold Hornblower,Tobold Hornblower,Character
Longbottom,Longbottom,Character
Longbottom Leaf,Longbottom Leaf,Character
The Prancing Pony,The Prancing Pony,Character
Farthings,Farthings,Character
Norbury,Norbury,Character
Took,Took,Character
Shirriffs,Shirriffs,Character
Thorin,Thorin,Character
Gollum,Gollum,Character
Baggins,Baggins,Character
Sting,Sting,Character
Fairbairns,Fairbairns,Character
Kingdom,Kingdom,Character
Peregrin,Peregrin,Character
Samwise,Samwise,Character
Minas Tirith,Minas Tirith,Character
Barahir,Barahir,Character
Meriadoc,Meriadoc,Character
Rohan,Rohan,Location
Galadriel,Galadriel,Character
Hobbiton,Hobbiton,Character
Bywater,Bywater,Character
Sam Gamgee,Sam Gamgee,Character
Holman,Holman,Character
Dad,Dad,Character
Drownded,Drownded,Character
Drogo Baggins,Drogo Baggins,Character
Gorbadoc,Gorbadoc,Character
Gandalf,Gandalf,Character
Bag End,Bag End,Character
Gamgee,Gamgee,Character
Bilbo Baggins,Bilbo Baggins,Character
Dale,Dale,Character
Gross,Gross,Character
Brandybucks,Brandybucks,Character
Grubbs,Grubbs,Character
Tooks,Tooks,Character
Uncle Bilbo,Uncle Bilbo,Character
Esgaroth,Esgaroth,Character
Odo Proudfoot,Odo Proudfoot,Character
Rory Brandybuck,Rory Brandybuck,Character
Down,Down,Character
B.B,B.B,Character
"ANGELICA""S","ANGELICA""S",Character
MILO BURROWS,MILO BURROWS,Character
Otho,Otho,Character
Merry Brandybuck,Merry Brandybuck,Character
Mad Baggins,Mad Baggins,Character
Pippin,Pippin,Character
Ted Sandyman,Ted Sandyman,Character
Dragon,Dragon,Character
Halfast,Halfast,Character
Ted,Ted,Character
Saruman the White,Saruman the White,Character
Isildur Elendil's,Isildur Elendil's,Character
Gil,Gil,Character
Riddle,Riddle,Character
Sun,Sun,Character
Aragorn,Aragorn,Character
Isildur,Isildur,Character
O Gandalf,O Gandalf,Character
Ancalagon,Ancalagon,Character
Underhill,Underhill,Character
Sam Gamgee's,Sam Gamgee's,Character
Leastways,Leastways,Character
Lor,Lor,Character
Lobelia,Lobelia,Character
Pippin Took,Pippin Took,Character
Fredegar Bolger,Fredegar Bolger,Character
Lotho,Lotho,Character
Gamgees,Gamgees,Character
Bagshot Row,Bagshot Row,Character
Hill,Hill,Character
Mist,Mist,Character
Hush,Hush,Character
Gilthoniel,Gilthoniel,Character
Gildor,Gildor,Character
Farmer Maggot's,Farmer Maggot's,Character
Bamfurlong,Bamfurlong,Character
Brandy,Brandy,Character
Maggot,Maggot,Character
Wolf,Wolf,Character
Grip,Grip,Character
Clip-clop,Clip-clop,Character
Farmer Maggot,Farmer Maggot,Character
Clop-clop,Clop-clop,Character
Buck Hill,Buck Hill,Character
Oldbuck,Oldbuck,Character
Gorhendad Oldbuck,Gorhendad Oldbuck,Character
Brandybuck,Brandybuck,Character
Fatty Bolger,Fatty Bolger,Character
Crickhollow,Crickhollow,Character
Fredegar,Fredegar,Character
Hedge,Hedge,Character
Withywindle,Withywindle,Character
Hark,Hark,Character
Tom Bom,Tom Bom,Character
Tom Bombadil,Tom Bombadil,Character
Slender,Slender,Character
Willow,Willow,Character
Bombadil,Bombadil,Character
Goldberry,Goldberry,Character
Tom Bombadil's,Tom Bombadil's,Character
Reeds,Reeds,Character
Mark,Mark,Character
Barrows,Barrows,Character
Hoy,Hoy,Character
Tom Bombadillo,Tom Bombadillo,Character
Come hoy,Come hoy,Character
Lumpkin,Lumpkin,Character
Fatty Lumpkin,Fatty Lumpkin,Character
Barliman,Barliman,Character
Pony Bree,Pony Bree,Character
Butterbur,Butterbur,Character
Nob,Nob,Character
Bob,Bob,Character
Brockhouse,Brockhouse,Faction
Longholes,Longholes,Character
Strider,Strider,Character
Barley,Barley,Character
Harry,Harry,Character
Mugwort,Mugwort,Character
Strider Frodo,Strider Frodo,Character
Ferny,Ferny,Character
FRODO BAGGINS,FRODO BAGGINS,Character
Baggins - Underhill,Baggins - Underhill,Character
BREE,BREE,Character
GANDALF,GANDALF,Character
Deep,Deep,Character
Sam Ford,Sam Ford,Location
Bill Ferny's,Bill Ferny's,Character
Bill Ferny,Bill Ferny,Character
Bag - Underhill,Bag - Underhill,Character
Sickle,Sickle,Character
Bree-hill,Bree-hill,Character
Sammie,Sammie,Character
Archet,Archet,Character
Combe,Combe,Character
Chetwood,Chetwood,Character
Midgewater,Midgewater,Character
Neekerbreekers,Neekerbreekers,Character
Elendil,Elendil,Character
Strider flung,Strider flung,Character
Gil-galad,Gil-galad,Character
Elvenhome,Elvenhome,Character
Beren,Beren,Character
Tinúviel,Tinúviel,Character
Common Speech,Common Speech,Character
Lúthien,Lúthien,Character
Neldoreth,Neldoreth,Character
Kin,Kin,Character
Mitheithel,Mitheithel,Character
North Kingdom,North Kingdom,Character
Tim,Tim,Character
Troll,Troll,Character
Doner,Doner,Character
Boner,Boner,Character
Dúnadan,Dúnadan,Character
Glorfindel,Glorfindel,Character
Mae,Mae,Character
Dimly Frodo,Dimly Frodo,Character
Morgul,Morgul,Character
Ford,Ford,Location
Glóin,Glóin,Character
Bowman,Bowman,Character
Bard,Bard,Character
Beorn,Beorn,Character
Dwalin,Dwalin,Character
Arwen,Arwen,Character
Balin,Balin,Character
Elrohir,Elrohir,Character
Arvernien,Arvernien,Character
Nimbrethil,Nimbrethil,Character
Valinor,Valinor,Character
Eldamar,Eldamar,Character
Lindir,Lindir,Character
Khazad,Khazad,Character
Aiglos,Aiglos,Character
Orodruin,Orodruin,Character
Círdan,Círdan,Character
Valandil,Valandil,Character
Númenor,Númenor,Character
Boromir,Boromir,Character
Easterlings,Easterlings,Character
Ithilien,Ithilien,Character
Isildur's Bane,Isildur's Bane,Character
Denethor,Denethor,Character
Loth,Loth,Character
Gondor,Gondor,Location
Battle,Battle,Character
Galdor,Galdor,Character
Dol Guldur,Dol Guldur,Character
Saruman the Wise,Saruman the Wise,Character
Mordor,Mordor,Location
Celebrimbor,Celebrimbor,Character
Legolas,Legolas,Character
Radagast,Radagast,Character
Nazgûl,Nazgûl,Character
Orthanc,Orthanc,Character
Saruman Ring,Saruman Ring,Character
Gandalf the Grey,Gandalf the Grey,Character
I. He,I. He,Character
Gwaihir,Gwaihir,Character
Edoras,Edoras,Character
Shadowfax,Shadowfax,Character
May Elrond,May Elrond,Character
Iarwain Ben,Iarwain Ben,Character
Erestor,Erestor,Character
Thráin,Thráin,Character
Túrin,Túrin,Character
Peregrin Took,Peregrin Took,Character
Mirkwood,Mirkwood,Character
Gimli,Gimli,Character
Bill,Bill,Character
Eregion,Eregion,Character
Hollin,Hollin,Character
Redhorn,Redhorn,Character
Caradhras,Caradhras,Character
Aragorn darkly,Aragorn darkly,Character
Fundin,Fundin,Character
Eagles,Eagles,Character
Naur dan,Naur dan,Character
Naur,Naur,Character
Narvi,Narvi,Character
Elvish,Elvish,Character
Fennas,Fennas,Character
Dimrill Dale,Dimrill Dale,Character
Glamdring,Glamdring,Character
Queen Berúthiel,Queen Berúthiel,Character
Aragorn to Merry,Aragorn to Merry,Character
Buckler,Buckler,Character
Michel Delving Mathom-house,Michel Delving Mathom-house,Faction
Mirrormere,Mirrormere,Character
Mirror,Mirror,Character
Óin,Óin,Character
Lóni,Lóni,Character
Westgate,Westgate,Character
Watcher,Watcher,Faction
Andúril,Andúril,Character
Ghâsh,Ghâsh,Character
Fanuidhol,Fanuidhol,Character
Celebdil,Celebdil,Character
Yonder,Yonder,Character
Kheled,Kheled,Character
Lórien,Lórien,Character
Nimrodel,Nimrodel,Character
Amroth,Amroth,Character
Afar,Afar,Character
Anduin the Great,Anduin the Great,Character
Daro,Daro,Character
Rúmil,Rúmil,Character
Haldir,Haldir,Character
Andy,Andy,Character
Cerin Amroth,Cerin Amroth,Character
Galadriel the Lady,Galadriel the Lady,Character
Celeborn,Celeborn,Character
the City of the Trees,the City of the Trees,Location
Lothlórien,Lothlórien,Character
Mill,Mill,Character
Eärendil,Eärendil,Character
Lady Galadriel,Lady Galadriel,Character
Swan,Swan,Character
Tol Brandir,Tol Brandir,Character
Wetwang,Wetwang,Character
Noman,Noman,Character
Fangorn,Fangorn,Character
Isen,Isen,Character
Yéni,Yéni,Character
Si vanwa ná,Si vanwa ná,Character
Rómello,Rómello,Character
Valimar,Valimar,Character
Kindler,Kindler,Character
Varda,Varda,Character
Calacirya,Calacirya,Character
Gimli the Dwarf,Gimli the Dwarf,Character
Riddermark,Riddermark,Character
Sarn Gebir,Sarn Gebir,Character
Shrill,Shrill,Character
Amon Hen,Amon Hen,Character
Rapids,Rapids,Character
Folly,Folly,Character
Westward,Westward,Character
Beornings,Beornings,Character
Ethir Anduin,Ethir Anduin,Character
Minas Morgul,Minas Morgul,Character
Gorgoroth,Gorgoroth,Character
Amon Lhaw,Amon Lhaw,Character
Parth Galen,Parth Galen,Character
Robert Jordan,Robert Jordan,Character
Darrell K. Sweet,Darrell K. Sweet,Character
New York,New York,Character
Matthew C. Nielsen,Matthew C. Nielsen,Character
Ellisa Mitchell,Ellisa Mitchell,Character
Lews,Lews,Character
Therin Telamon,Therin Telamon,Character
Lews Therin,Lews Therin,Character
Shai,Shai,Character
Elan Morin,Elan Morin,Character
Kinslayer,Kinslayer,Character
Ilyena,Ilyena,Character
Betrayer,Betrayer,Character
Lews Therin's,Lews Therin's,Character
Ilyena Sunhair,Ilyena Sunhair,Character
Lews Therin Telamon,Lews Therin Telamon,Character
Camora The Breaking of the World,Camora The Breaking of the World,Character
the Prince of the Morning,the Prince of the Morning,Character
Charal Drianaan,Charal Drianaan,Character
Calamon,Calamon,Character
Westwood,Westwood,Character
Tam,Tam,Character
Nettles,Nettles,Character
Bela,Bela,Character
Emond,Emond,Character
Bel Tine,Bel Tine,Character
Rand,Rand,Character
Bare,Bare,Character
Waterwood,Waterwood,Character
Perrin Aybara,Perrin Aybara,Character
Perrin,Perrin,Character
Mat Cauthon,Mat Cauthon,Character
Egwene,Egwene,Character
Cenn Buie,Cenn Buie,Character
Wit Congar,Wit Congar,Character
Nynaeve,Nynaeve,Character
Congar,Congar,Character
Daise Congar,Daise Congar,Character
Winespring,Winespring,Character
Deven Ride,Deven Ride,Character
Brandelwyn,Brandelwyn,Character
Cenn,Cenn,Character
Mat,Mat,Character
Dav,Dav,Character
Forsaken,Forsaken,Character
Elam,Elam,Character
Watch Hill,Watch Hill,Faction
Luhhan,Luhhan,Character
Toward Rand,Toward Rand,Character
Adan,Adan,Character
Ewin Finngar,Ewin Finngar,Character
Ewin,Ewin,Character
Moiraine,Moiraine,Character
Rowan Hurn,Rowan Hurn,Character
Bustle,Bustle,Character
Lady Moiraine,Lady Moiraine,Character
Warder,Warder,Character
Padan Fain,Padan Fain,Character
Fain,Fain,Character
Ghealdan,Ghealdan,Character
Buie,Buie,Character
Tar Valon,Tar Valon,Location
Aes Sedai,Aes Sedai,Faction
Coplin,Coplin,Character
Bili Congar,Bili Congar,Character
Coplins,Coplins,Character
Lan,Lan,Character
Gleeman,Gleeman,Character
Thom Merrilin,Thom Merrilin,Character
Merrilin,Merrilin,Character
Artur Paendrag Tanreall,Artur Paendrag Tanreall,Character
Salya,Salya,Character
Alsbet,Alsbet,Character
Thom,Thom,Character
Darith,Darith,Character
Trollocs,Trollocs,Character
Caemlyn,Caemlyn,Location
White,White,Character
Haral,Haral,Character
Jon Thane's,Jon Thane's,Character
Bandry,Bandry,Character
Lem,Lem,Character
Gray,Gray,Character
Oren Dautry,Oren Dautry,Character
Dautry,Dautry,Character
Glass,Glass,Character
Trollops,Trollops,Character
Trolloc,Trolloc,Character
Tam to Emond's Field,Tam to Emond's Field,Location
Frozen,Frozen,Character
Kari,Kari,Character
Taro,Taro,Character
Laman,Laman,Character
Dragonwall,Dragonwall,Character
Cairhien,Cairhien,Character
Avendoraldera,Avendoraldera,Character
Avendesora,Avendesora,Character
Tiredly Rand,Tiredly Rand,Character
Aielman,Aielman,Character
Abell Cauthon's,Abell Cauthon's,Character
Calder,Calder,Character
Nightshirt,Nightshirt,Character
Light,Light,Character
Darl Coplin,Darl Coplin,Character
Master Lan,Master Lan,Character
Goodman Coplin,Goodman Coplin,Character
Moiraine Sedai,Moiraine Sedai,Faction
Shayol Ghul,Shayol Ghul,Character
Halfmen,Halfmen,Character
Lem Thane,Lem Thane,Character
Shai'tan,Shai'tan,Character
Marin,Marin,Character
Moraine,Moraine,Character
Tell Lan,Tell Lan,Character
Jon Thane,Jon Thane,Character
Lao,Lao,Character
Hari Coplin,Hari Coplin,Character
Hari,Hari,Character
Darl,Darl,Character
Paet,Paet,Character
Eward Candwin,Eward Candwin,Character
Ogier,Ogier,Character
Manetherendrelle,Manetherendrelle,Character
Eldrene,Eldrene,Character
Manetheren,Manetheren,Character
Ba'alzamon,Ba'alzamon,Character
Bill Congar,Bill Congar,Character
Thom Merrilin's,Thom Merrilin's,Character
Cloud,Cloud,Character
Draghkar,Draghkar,Character
Thorn Merrilin,Thorn Merrilin,Character
Stoneboat,Stoneboat,Character
Hilltop,Hilltop,Character
Hightower,Hightower,Location
Chill,Chill,Character
Taren Lan,Taren Lan,Character
Winespring Water,Winespring Water,Character
Mandarb,Mandarb,Character
Aldieb,Aldieb,Character
Darkfriend,Darkfriend,Character
Avin,Avin,Character
Saldaea,Saldaea,Character
Andra,Andra,Character
Mutch,Mutch,Character
Alys,Alys,Character
Pitch,Pitch,Character
Fitch,Fitch,Character
Min,Min,Character
Ara,Ara,Character
Mari,Mari,Character
Cinda,Cinda,Character
Logain,Logain,Character
Inn,Inn,Character
Guaire Amalasan,Guaire Amalasan,Character
Yurian Stonebow,Yurian Stonebow,Character
Davian,Davian,Character
Lews Therin Kinslayer,Lews Therin Kinslayer,Character
Dragonmount,Dragonmount,Location
Cirri,Cirri,Character
High Chant,High Chant,Character
Plain Chant,Plain Chant,Character
Baerlon,Baerlon,Location
Bili Congar's,Bili Congar's,Character
Eward Congar,Eward Congar,Character
Bornhald,Bornhald,Character
Raolin Darksbane,Raolin Darksbane,Character
Therin Kinslayer,Therin Kinslayer,Character
Artur Hawkwing,Artur Hawkwing,Character
Whitecloaks,Whitecloaks,Character
Mavra Mallen,Mavra Mallen,Character
Haral Luhhan,Haral Luhhan,Character
Blaes,Blaes,Character
Rogosh Eagle,Rogosh Eagle,Character
Gaidal Cain's Sword,Gaidal Cain's Sword,Character
Myrddraal,Myrddraal,Character
Darkfriends,Darkfriends,Character
Watchman,Watchman,Faction
Ann,Ann,Character
Whitecloak,Whitecloak,Character
Whitebridge,Whitebridge,Location
Flame,Flame,Character
Al Ellisande,Al Ellisande,Character
Aridhol,Aridhol,Character
Mordeth,Mordeth,Character
Shadar Logoth,Shadar Logoth,Character
Rhea,Rhea,Character
Caar,Caar,Character
Floran Gelb,Floran Gelb,Character
Gelb,Gelb,Character
Domon,Domon,Character
Bayle Domon,Bayle Domon,Character
Barran,Barran,Character
Elyas,Elyas,Character
Dapple,Dapple,Character
Eyeless,Eyeless,Character
Black Ajah,Black Ajah,Character
Warders,Warders,Character
Red Ajah,Red Ajah,Character
Burn,Burn,Character
Mayhap,Mayhap,Character
Lightsticks,Lightsticks,Character
Artur Hawkwing's,Artur Hawkwing's,Character
Breaking,Breaking,Character
Ebou Dar,Ebou Dar,Character
Wind,Wind,Character
Tinker,Tinker,Character
Mahdi,Mahdi,Character
Raen,Raen,Character
Seeker,Seeker,Character
Ila,Ila,Character
Aram,Aram,Character
Tinkers,Tinkers,Character
Djevik K'Shar,Djevik K'Shar,Character
Sightburner,Sightburner,Character
Aiel,Aiel,Character
Bartim,Bartim,Character
Ajah,Ajah,Character
Young,Young,Character
Heartfang,Heartfang,Character
Grass,Grass,Character
Hopper,Hopper,Character
Drop,Drop,Character
Aydaer,Aydaer,Character
Child Byar,Child Byar,Character
Byar,Byar,Character
Geofram Bornhald,Geofram Bornhald,Character
Child Byar's,Child Byar's,Character
Amador,Amador,Character
Grinwell,Grinwell,Character
Aynora,Aynora,Character
Arien,Arien,Character
Eazil Forney's,Eazil Forney's,Character
Lugard,Lugard,Character
Saml Hake,Saml Hake,Character
Cock o,Cock o,Character
Strom,Strom,Character
Jak,Jak,Character
Howal Gode,Howal Gode,Character
Gode,Gode,Character
Hyam Kinch,Hyam Kinch,Character
Kinch,Kinch,Character
Mmmph,Mmmph,Character
Alpert Mull,Alpert Mull,Character
Saml Hake's,Saml Hake's,Character
Rulan Allwine,Rulan Allwine,Character
Paitr,Paitr,Character
Ackley Farren,Ackley Farren,Character
Master Fitch,Master Fitch,Character
Haystacks,Haystacks,Character
Almen Bunt,Almen Bunt,Character
Raimun Holdwin,Raimun Holdwin,Character
Holdwin,Holdwin,Character
Bunt,Bunt,Character
Queen Morgase,Queen Morgase,Character
Elaida,Elaida,Character
Morgase,Morgase,Character
Dragon's Fang,Dragon's Fang,Character
Elayne,Elayne,Character
Tigraine,Tigraine,Character
Taringail Damodred,Taringail Damodred,Character
Daughter-Heir,Daughter-Heir,Character
Gawyn,Gawyn,Character
Shienar,Shienar,Location
Prince Consorts,Prince Consorts,Character
Goose,Goose,Character
Basel Gill,Basel Gill,Character
Gareth Bryne,Gareth Bryne,Character
Clothbound,Clothbound,Character
Loial,Loial,Character
Stump,Stump,Character
Sightblinder,Sightblinder,Character
Haman,Haman,Character
Blacksmith,Blacksmith,Character
Mother Grubb,Mother Grubb,Character
Beggar,Beggar,Character
Lamgwin,Lamgwin,Character
Parks,Parks,Character
New City,New City,Location
The Golden Bees of Illian,The Golden Bees of Illian,Character
Gareth,Gareth,Character
Royal Highness,Royal Highness,Character
Majesty,Majesty,Character
Galadedrid Damodred,Galadedrid Damodred,Character
Galad,Galad,Character
Galadedrid,Galadedrid,Character
Tallanvor,Tallanvor,Character
My Lady,My Lady,Character
Bryne,Bryne,Character
Elaida Sedai,Elaida Sedai,Faction
Gilda,Gilda,Character
Stedding Shangtai,Stedding Shangtai,Character
Lanfear,Lanfear,Character
Waygate,Waygate,Character
Waygates,Waygates,Character
Mafal Dadaranell,Mafal Dadaranell,Character
Machin Shin,Machin Shin,Character
Lies,Lies,Character
Ramey,Ramey,Character
Ways,Ways,Character
Guidings,Guidings,Character
Ian,Ian,Character
Hood,Hood,Character
Agelmar,Agelmar,Character
Fal Dara,Fal Dara,Location
Black Hawk,Black Hawk,Character
Dai Shan,Dai Shan,Character
Fletchers,Fletchers,Character
Kiserai ti Wanrho,Kiserai ti Wanrho,Character
Tarwin,Tarwin,Character
Wansho hei,Wansho hei,Character
Malkier,Malkier,Character
Kiserai ti Wanaho,Kiserai ti Wanaho,Character
Shienaran,Shienaran,Character
Lady Nynaeve,Lady Nynaeve,Character
Breyan,Breyan,Character
the Blasted Lands,the Blasted Lands,Location
Lain,Lain,Character
Cowin,Cowin,Character
Fal Moran,Fal Moran,Character
Malkieri,Malkieri,Character
Uncrowned,Uncrowned,Character
Gray Owl,Gray Owl,Character
Blight,Blight,Character
Faugh,Faugh,Character
Treebrother,Treebrother,Character
Saidin,Saidin,Character
Saidar,Saidar,Character
Nutbrown,Nutbrown,Character
Balthamel,Balthamel,Character
Tar Valon's,Tar Valon's,Character
Jain Farstrider,Jain Farstrider,Character
Ishamael,Ishamael,Character
Cuendillar,Cuendillar,Character
I. Bleakness,I. Bleakness,Character
Climbing wildrose,Climbing wildrose,Character
Toma dur Ahmid,Toma dur Ahmid,Character
Heran,Heran,Character
Amyrlin Seat,Amyrlin Seat,Location
Sheriam Sedai,Sheriam Sedai,Faction
JAH-gad,JAH-gad,Character
Blue Ajah,Blue Ajah,Character
Arafel,Arafel,Character
Aybara,Aybara,Character
Dain,Dain,Character
JAH-ret,JAH-ret,Character
Jaret,Jaret,Character
Carai,Carai,Character
Charin,Charin,Character
Grassburner,Grassburner,Character
Andor,Andor,Character
Dhai'mon,Dhai'mon,Character
Jain,Jain,Character
Flame of Tar Valon,Flame of Tar Valon,Character
Artur,Artur,Character
Hyam,Hyam,Character
Ko'bal,Ko'bal,Character
LUKE,LUKE,Character
Luc,Luc,Character
Shadowman,Shadowman,Character
Sheriam,Sheriam,Character
Bhan'sheen,Bhan'sheen,Character
Al'ghol,Al'ghol,Character
Age,Age,Character
White Tower,White Tower,Location
Minas Tirith Pippin,Minas Tirith Pippin,Character
Amon Dîn,Amon Dîn,Character
Calenhad,Calenhad,Character
Gandalf Stormcrow,Gandalf Stormcrow,Character
Pelennor,Pelennor,Character
Belfalas,Belfalas,Character
Dol Amroth,Dol Amroth,Character
Mindolluin,Mindolluin,Character
Argonath,Argonath,Character
Treebeard,Treebeard,Character
Faramir,Faramir,Character
Paladin,Paladin,Character
Mount Mindolluin,Mount Mindolluin,Character
Peregrin the Halfling,Peregrin the Halfling,Character
Mithrandir,Mithrandir,Character
Beregond,Beregond,Character
Tumladen,Tumladen,Character
Lossarnach,Lossarnach,Character
the Prince of the Halflings,the Prince of the Halflings,Character
Tuckborough,Tuckborough,Character
Bergil,Bergil,Character
Forlong,Forlong,Character
the City of Gondor,the City of Gondor,Location
Morthond,Morthond,Character
Ringló Vale,Ringló Vale,Character
Fisher,Fisher,Character
Imrahil,Imrahil,Character
Pinnath Gelin,Pinnath Gelin,Character
Meduseld,Meduseld,Character
Éomer,Éomer,Character
Halbarad Dúnadan,Halbarad Dúnadan,Character
Halbarad,Halbarad,Character
Dunlendings,Dunlendings,Character
Dunharrow,Dunharrow,Character
Snowmane,Snowmane,Character
Roheryn,Roheryn,Character
Helm,Helm,Character
Éowyn,Éowyn,Character
Dimholt,Dimholt,Character
Gimli Glóin's,Gimli Glóin's,Character
The King of the Dead,The King of the Dead,Character
Westernesse,Westernesse,Character
Ciril,Ciril,Character
Starkhorn,Starkhorn,Faction
Wormtongue,Wormtongue,Character
The King of the Mark,The King of the Mark,Character
the King of the Mark,the King of the Mark,Character
Snowbourn,Snowbourn,Character
Dúnhere,Dúnhere,Character
Eorlingas,Eorlingas,Character
Brego,Brego,Character
Hirgon,Hirgon,Character
Dagorlad,Dagorlad,Character
Tarry,Tarry,Character
Holbytla,Holbytla,Character
Eastfold,Eastfold,Character
Théoden King,Théoden King,Character
Underharrow,Underharrow,Character
Sunlending,Sunlending,Character
Stybba,Stybba,Character
King Théoden,King Théoden,Character
Harad,Harad,Character
Cirith Ungol,Cirith Ungol,Character
Rammas,Rammas,Character
Cair Andros,Cair Andros,Character
Master Halfling,Master Halfling,Character
Fen Hollen,Fen Hollen,Character
Rath Dínen,Rath Dínen,Character
Elfhelm,Elfhelm,Character
Dernhelm,Dernhelm,Character
Bag,Bag,Character
Ghân-buri-Ghân,Ghân-buri-Ghân,Character
Mundburg,Mundburg,Character
Dîn,Dîn,Character
Rimmon,Rimmon,Character
Drúadan to Rimmon,Drúadan to Rimmon,Character
Ghân,Ghân,Character
the City through,the City through,Location
The City,The City,Location
Wídfara,Wídfara,Character
Eorl,Eorl,Character
Grimbold,Grimbold,Character
Guthláf,Guthláf,Character
Fey,Fey,Character
Ringwraith,Ringwraith,Character
Théoden,Théoden,Character
King,King,Character
Yea,Yea,Character
Lightfoot,Lightfoot,Character
Hirluin,Hirluin,Character
Harlond,Harlond,Character
Grimslade,Grimslade,Character
Duilin,Duilin,Character
Arnach,Arnach,Character
Didst,Didst,Character
Grey Fool,Grey Fool,Character
Gandalf Mithrandir,Gandalf Mithrandir,Character
Beregond Faramir,Beregond Faramir,Character
the City,the City,Location
Bergil Beregond's,Bergil Beregond's,Character
Ioreth,Ioreth,Character
Imloth Melui,Imloth Melui,Character
Elfstone,Elfstone,Character
Gilrain,Gilrain,Character
the King of the Dead,the King of the Dead,Character
Ere,Ere,Character
Depart,Depart,Character
Rauros,Rauros,Character
Eye,Eye,Character
the Kingdom of Dáin,the Kingdom of Dáin,Character
Perian,Perian,Character
Morannon,Morannon,Character
Henneth Annûn,Henneth Annûn,Character
Morgul Vale,Morgul Vale,Character
Cirith Gorgor,Cirith Gorgor,Character
Mouth,Mouth,Character
Shelob,Shelob,Character
Shagrat,Shagrat,Character
the Tower of Cirith Ungol,the Tower of Cirith Ungol,Location
Morgai,Morgai,Character
Gorbag,Gorbag,Character
Eastward Sam,Eastward Sam,Character
Snaga,Snaga,Character
Radbug,Radbug,Character
Lagduf,Lagduf,Character
Muzgash,Muzgash,Character
Lugbúrz,Lugbúrz,Character
Garn,Garn,Character
Uruk-hai,Uruk-hai,Character
Ephel Dúath,Ephel Dúath,Character
Durthang,Durthang,Character
Rosie Cotton,Rosie Cotton,Character
Throne,Throne,Character
Imlad Morgul,Imlad Morgul,Character
Sméagol,Sméagol,Character
Preciouss,Preciouss,Character
Sammath Naur,Sammath Naur,Character
Landroval,Landroval,Character
Daur,Daur,Character
Sweet,Sweet,Character
the City of the Men of Gondor,the City of the Men of Gondor,Location
Master Warden,Master Warden,Character
this Warden,this Warden,Character
Finduilas,Finduilas,Character
Cormallen,Cormallen,Character
Minas Anor,Minas Anor,Character
Eärnur,Eärnur,Character
Hallows,Hallows,Character
the City of Minas Tirith,the City of Minas Tirith,Location
Amon Dn,Amon Dn,Character
Aragorn the King Elessar wedded Arwen Undómiel,Aragorn the King Elessar wedded Arwen Undómiel,Character
the City of the Kings,the City of the Kings,Location
Evenstar,Evenstar,Character
Gléowine,Gléowine,Character
Éowyn Lady,Éowyn Lady,Character
Eorl the Young,Eorl the Young,Character
Woods,Woods,Character
Tasarinan,Tasarinan,Character
Kinsman,Kinsman,Character
Gríma,Gríma,Character
Greyflood,Greyflood,Character
Swanfleet,Swanfleet,Character
B.B. To Sam,B.B. To Sam,Character
Pony,Pony,Character
Southfarthing,Southfarthing,Character
Rowlie Appledore,Rowlie Appledore,Character
Mat Heathertoes,Mat Heathertoes,Character
Fornost Erain,Fornost Erain,Character
My Bill,My Bill,Character
Hob Hayward,Hob Hayward,Character
Hob,Hob,Character
Pippin broke Rule 4,Pippin broke Rule 4,Character
Sarn Ford,Sarn Ford,Location
Frogmorton,Frogmorton,Character
Trespassing,Trespassing,Character
Robin,Robin,Character
Shirriffing,Shirriffing,Character
Whitfurrows,Whitfurrows,Character
Lockholes,Lockholes,Character
Cock-robin,Cock-robin,Character
Sharkey,Sharkey,Character
Tom Cotton's,Tom Cotton's,Character
Farmer Cotton,Farmer Cotton,Character
Young Tom,Young Tom,Character
Rosie,Rosie,Character
Cotton,Cotton,Character
Smials,Smials,Character
Waymeet,Waymeet,Character
Miller,Miller,Character
Farmer Cotton's,Farmer Cotton's,Character
Greenfields,Greenfields,Character
Halfling,Halfling,Character
Worm,Worm,Character
Brockenbores,Brockenbores,Character
Yule,Yule,Character
Rose Cotton,Rose Cotton,Character
Gondor F.A.I,Gondor F.A.I,Character
F.A,F.A,Character
S.A,S.A,Character
Thangorodrim,Thangorodrim,Character
Valar,Valar,Character
Tuor,Tuor,Character
Elwing,Elwing,Character
Idril Celebrindal,Idril Celebrindal,Character
Elros,Elros,Character
Morgoth,Morgoth,Character
Tar-Minyatur,Tar-Minyatur,Character
Silmariën,Silmariën,Character
Tar-Palantir,Tar-Palantir,Character
Adûnaic,Adûnaic,Character
Gilgalad,Gilgalad,Character
Atanamir,Atanamir,Character
Minastir the Kings,Minastir the Kings,Character
Númenorean,Númenorean,Character
Eldarin,Eldarin,Character
Ar-Adûnakhôr,Ar-Adûnakhôr,Character
Faithful,Faithful,Character
Annúminas,Annúminas,Character
the Undying Lands,the Undying Lands,Location
Gondor Amon Amarth,Gondor Amon Amarth,Character
Arahael 2177,Arahael 2177,Character
Aranarth,Aranarth,Character
Valacar,Valacar,Character
Calmacil 1304,Calmacil 1304,Character
Minalcar,Minalcar,Character
Telemnar,Telemnar,Character
Aldamir,Aldamir,Character
Vorondil,Vorondil,Character
Ondoher,Ondoher,Character
Dior 2435,Dior 2435,Character
Belegorn 2204,Belegorn 2204,Character
Mardil,Mardil,Character
Lindon,Lindon,Character
Cardolan,Cardolan,Character
Weather Hills,Weather Hills,Character
Tyrn Gorthad,Tyrn Gorthad,Character
Beleriand,Beleriand,Character
Lossoth,Lossoth,Character
Forochel,Forochel,Character
Bucca,Bucca,Character
Shirethain,Shirethain,Character
Arahad I the Orcs,Arahad I the Orcs,Character
Celebrían,Celebrían,Character
Bandobras Took,Bandobras Took,Character
King Arvegil,King Arvegil,Character
Aragorn Elessar,Aragorn Elessar,Character
Mouths,Mouths,Character
Falastur,Falastur,Character
Ciryandil,Ciryandil,Character
Ciryaher,Ciryaher,Character
Anduin south,Anduin south,Character
Greenwood,Greenwood,Character
Vidugavia,Vidugavia,Character
Castamir,Castamir,Character
Ornendil,Ornendil,Character
Sangahyando,Sangahyando,Character
Angamaitë,Angamaitë,Character
Gondor Umbar,Gondor Umbar,Character
Araphant wedded Fíriel,Araphant wedded Fíriel,Character
Siriondil,Siriondil,Character
Arthedain,Arthedain,Character
Lune,Lune,Character
Mardil Voronwë,Mardil Voronwë,Character
Denethor II,Denethor II,Character
Gladden,Gladden,Character
Balchoth,Balchoth,Character
Belecthor II,Belecthor II,Character
Folcwine,Folcwine,Character
Poros,Poros,Character
Turgon,Turgon,Character
Thorongil,Thorongil,Character
Gilraen,Gilraen,Character
Arwen Elrond's,Arwen Elrond's,Character
Imladris,Imladris,Character
Arwen Undómiel,Arwen Undómiel,Character
Arwen the Doom of Men,Arwen the Doom of Men,Character
Estel,Estel,Character
Calenardhon,Calenardhon,Character
Limlight,Limlight,Character
Éothéod,Éothéod,Character
Léod,Léod,Character
Freca,Freca,Character
Dunlendish,Dunlendish,Character
Wulf,Wulf,Character
Fréaláf,Fréaláf,Character
Baldor,Baldor,Character
Déor,Déor,Character
Helm Hammerhand,Helm Hammerhand,Character
Léofa,Léofa,Character
Folca,Folca,Character
Fengel,Fengel,Character
Thengel,Thengel,Character
Morwen of Lossarnach,Morwen of Lossarnach,Character
Elfhild,Elfhild,Character
Lothíriel,Lothíriel,Character
Elfwine,Elfwine,Character
Belegost,Belegost,Character
Náin,Náin,Character
Grór,Grór,Character
Iron Hills,Iron Hills,Character
Borin,Borin,Character
Nár,Nár,Character
Thráin II,Thráin II,Character
Azanulbizar,Azanulbizar,Character
Dáin Ironfoot,Dáin Ironfoot,Character
Bard of Esgaroth,Bard of Esgaroth,Character
Thorin Oakenshield,Thorin Oakenshield,Character
Nori,Nori,Character
Thorin II,Thorin II,Character
Lindon west,Lindon west,Character
Silvan,Silvan,Character
Nargothrond,Nargothrond,Character
Finrod Felagund,Finrod Felagund,Character
Moria,Moria,Location
Ohtar,Ohtar,Character
The Tower of Amon Sûl,The Tower of Amon Sûl,Location
Valacar of Gondor,Valacar of Gondor,Character
Tarondor,Tarondor,Character
Calimehtar,Calimehtar,Character
Amon Sûl,Amon Sûl,Character
Durin VI,Durin VI,Character
Smaug,Smaug,Character
Birth of Samwise,Birth of Samwise,Character
Gandalf overtakes Shadowfax,Gandalf overtakes Shadowfax,Character
Gandalf reaches Sarn Ford,Gandalf reaches Sarn Ford,Location
Caras Galadhon,Caras Galadhon,Character
Death of Boromir,Death of Boromir,Character
Parley,Parley,Character
East Lórien,East Lórien,Character
Thorin III Stonehelm,Thorin III Stonehelm,Character
Bard II,Bard II,Character
Rose,Rose,Character
Birth of Elanor the Fair,Birth of Elanor the Fair,Character
Elanor,Elanor,Character
Fastred Warden,Fastred Warden,Character
Gardner,Gardner,Character
Quenya,Quenya,Character
T.A. 1,T.A. 1,Character
T.A. 2060,T.A. 2060,Character
Súlimë,Súlimë,Character
Nénimë,Nénimë,Character
Solmath,Solmath,Character
Frery,Frery,Character
Yellowskin,Yellowskin,Character
Lake Evendim,Lake Evendim,Character
Víressë,Víressë,Character
Loëndë,Loëndë,Character
Sam Gardner's,Sam Gardner's,Character
Westfarthing,Westfarthing,Character
Adûnaic (Númenorean) Adûnakhôr,Adûnaic (Númenorean) Adûnakhôr,Character
Orkish,Orkish,Character
Q. Isil,Q. Isil,Character
Westron,Westron,Character
F. W,F. W,Character
S. Harad,S. Harad,Character
Quenya ui,Quenya ui,Character
Fëanorian,Fëanorian,Character
Cirth,Cirth,Character
Angerthas Moria,Angerthas Moria,Character
Fë Anorian Letters,Fë Anorian Letters,Character
Series IV,Series IV,Character
Grade 1,Grade 1,Character
Welsh nh,Welsh nh,Character
Qunya,Qunya,Character
Nos,Nos,Character
Westlands,Westlands,Character
Angerthas,Angerthas,Character
Khuzdul,Khuzdul,Character
Arnor,Arnor,Character
Dunland,Dunland,Location
Strawheads,Strawheads,Character
Taurelilómëa,Taurelilómëa,Character
Khazâd ai-mênu,Khazâd ai-mênu,Character
Baruk Khazâd,Baruk Khazâd,Character
Baranduin,Baranduin,Character
Karningul,Karningul,Character
Tanta,Tanta,Character
Nina,Nina,Character
R. trahan,R. trahan,Character
Trahald,Trahald,Character
Dwarrows,Dwarrows,Character
Phurunargian,Phurunargian,Character
Quendi,Quendi,Character
Finrod,Finrod,Character
the King of Rohan,the King of Rohan,Character
Galabas,Galabas,Character
Galbasi,Galbasi,Character
Galpsi,Galpsi,Character
Zaragamba,Zaragamba,Character
Marchbourn,Marchbourn,Character
Flick,Flick,Character
Flick Ohmsford,Flick Ohmsford,Location
Terry Brooks,Terry Brooks,Character
Valeman,Valeman,Character
Shady Vale,Shady Vale,Character
Curzad Ohmsford,Curzad Ohmsford,Location
Ohmsford,Ohmsford,Location
Shea,Shea,Character
Allanon,Allanon,Character
Northland,Northland,Location
Westland,Westland,Location
the Skull Kingdom,the Skull Kingdom,Character
Eastland,Eastland,Location
Dwarfs,Dwarfs,Character
Paranor,Paranor,Character
Galaphile,Galaphile,Character
Brona,Brona,Character
Bremen,Bremen,Character
Raybur,Raybur,Character
The Dwarf King,The Dwarf King,Character
Elven,Elven,Character
Jerle Shannara,Jerle Shannara,Character
Sword,Sword,Character
Eventine,Eventine,Character
Culhaven,Culhaven,Character
Balinor,Balinor,Character
Menion Leah,Menion Leah,Character
Menion,Menion,Character
Valemen,Valemen,Character
Pia,Pia,Character
Zolomach,Zolomach,Character
Anar,Anar,Character
Leah,Leah,Character
Duln,Duln,Character
highland city,highland city,Location
Clete,Clete,Character
Shea Ohmsford,Shea Ohmsford,Location
Black Oaks,Black Oaks,Character
Southlanders,Southlanders,Character
the Prince of Leah,the Prince of Leah,Character
the Prince of Callahorn,the Prince of Callahorn,Character
Ruhl Buckhannah,Ruhl Buckhannah,Character
Hendel,Hendel,Character
Battlemound,Battlemound,Character
Pahn,Pahn,Character
Druids,Druids,Character
Shannara,Shannara,Character
Dayel,Dayel,Character
Wolfsktaag,Wolfsktaag,Character
Gnome,Gnome,Character
Elf,Elf,Character
Storlock,Storlock,Character
the Rabb Plains,the Rabb Plains,Location
Hadeshorn,Hadeshorn,Character
The Prince of Callahorn,The Prince of Callahorn,Character
Shade,Shade,Character
Crease,Crease,Character
Valg,Valg,Character
Allanon motioned Hendel,Allanon motioned Hendel,Character
Jaws,Jaws,Character
Allanon’s,Allanon’s,Character
Tyrsis,Tyrsis,Character
Durin and Dayel,Durin and Dayel,Character
Quickly Hendel,Quickly Hendel,Character
The Sword of Shannara,The Sword of Shannara,Character
Keltset,Keltset,Character
Southlander,Southlander,Character
Panamon,Panamon,Character
Panamon Creel,Panamon Creel,Character
Talhan,Talhan,Character
Varfleet,Varfleet,Character
Streleheim,Streleheim,Character
the Rock Trolls,the Rock Trolls,Location
Orl Fane,Orl Fane,Character
Callahorn,Callahorn,Character
Kern,Kern,Character
Mermidon,Mermidon,Character
Palance,Palance,Character
Stenmin,Stenmin,Character
Stenmin bas,Stenmin bas,Character
the Kingdom of Callahorn,the Kingdom of Callahorn,Character
Buckhannahs,Buckhannahs,Character
Buckhannah,Buckhannah,Character
Durin of Allanon,Durin of Allanon,Character
Palance Buckhannah,Palance Buckhannah,Character
Shirl,Shirl,Character
the Elven King,the Elven King,Character
Northlanders,Northlanders,Character
Shirl Ravenlock,Shirl Ravenlock,Character
Fandrez,Fandrez,Character
Acton,Acton,Character
Messaline,Messaline,Character
Southland,Southland,Location
Tong,Tong,Character
Panamon Creel’s,Panamon Creel’s,Character
Warlock Lord,Warlock Lord,Character
Streleheim Plains,Streleheim Plains,Location
Elessedil,Elessedil,Character
Troll Maturens,Troll Maturens,Character
Eventine Elessedil,Eventine Elessedil,Character
Flick Ohmsford’s,Flick Ohmsford’s,Character
Janus Senpre,Janus Senpre,Character
Janus,Janus,Character
Visage,Visage,Character
Skull Kingdom,Skull Kingdom,Character
Jon Lin Sandor,Jon Lin Sandor,Character
Jon Lin,Jon Lin,Character
Breen Elessedil,Breen Elessedil,Character
Koos,Koos,Character
Jon Lin’s,Jon Lin’s,Character
Breen,Breen,Character
Trolls,Trolls,Character
Mallicos,Mallicos,Character
Norbane,Norbane,Character
Ginnisson,Ginnisson,Character
Fanning,Fanning,Character
Malg,Malg,Character
ageless rock,ageless rock,Location
Muten,Muten,Character
Bracing,Bracing,Character
Legionnaire,Legionnaire,Character
the King of Callahorn,the King of Callahorn,Character
the Shea Ohmsford,the Shea Ohmsford,Location
Balinor Buckhannah,Balinor Buckhannah,Character
Boromir Aragorn,Boromir Aragorn,Character
The Tower of Guard,The Tower of Guard,Location
Rohan Dusk,Rohan Dusk,Character
Éomund,Éomund,Character
Éothain,Éothain,Character
Uglúk u bagronk sha,Uglúk u bagronk sha,Character
Uglúk,Uglúk,Character
Grishnákh,Grishnákh,Character
Lugdush,Lugdush,Character
Whiteskins,Whiteskins,Character
Mauhúr,Mauhúr,Character
Lembas,Lembas,Character
Master Took,Master Took,Character
Hrum,Hrum,Character
Bear bee-hunter,Bear bee-hunter,Character
Beaver,Beaver,Character
Dreamflower,Dreamflower,Character
Tumbaletaurëa Lómëanor,Tumbaletaurëa Lómëanor,Character
Entish,Entish,Character
Ents,Ents,Character
Dorthonion,Dorthonion,Character
Tauremorna,Tauremorna,Character
Ambaróna,Ambaróna,Character
Aldalómë,Aldalómë,Character
Ent,Ent,Character
Saruman's Orcs,Saruman's Orcs,Character
Finglas,Finglas,Character
Entmaidens,Entmaidens,Character
Fimbrethil,Fimbrethil,Character
Bregalad,Bregalad,Character
Enting,Enting,Character
Carnimírië,Carnimírië,Character
Lassemista,Lassemista,Character
Derndingle,Derndingle,Character
Nan Curunír,Nan Curunír,Character
Legolas Greenleaf,Legolas Greenleaf,Character
Arod,Arod,Character
Hasufel,Hasufel,Character
The King of the Golden Hall,The King of the Golden Hall,Character
Shadowfax the Great,Shadowfax the Great,Character
Telchar,Telchar,Character
Dwimordene,Dwimordene,Character
Westu Théoden,Westu Théoden,Character
Helms,Helms,Character
Firefoot,Firefoot,Character
Thrihyrne,Thrihyrne,Character
Ceorl,Ceorl,Character
Deeping,Deeping,Character
Coomb,Coomb,Character
Gamling,Gamling,Character
Westfold,Westfold,Character
Khazâd ai,Khazâd ai,Character
Khazâd,Khazâd,Character
Devilry of Saruman,Devilry of Saruman,Character
The White Rider,The White Rider,Character
Gandalf the White Rider,Gandalf the White Rider,Character
O King,O King,Character
Fords,Fords,Character
Mount Fang,Mount Fang,Character
Hammer,Hammer,Character
Toby,Toby,Character
Huorns,Huorns,Character
Huorn,Huorn,Character
Hornblower,Hornblower,Character
King Théoden's,King Théoden's,Character
Gríma Wormtongue,Gríma Wormtongue,Character
Dol Baran,Dol Baran,Character
Èasier,Èasier,Character
Noodles,Noodles,Character
Tighfield,Tighfield,Location
Ànyway,Ànyway,Character
Yess,Yess,Character
Samwise Gamgee,Samwise Gamgee,Character
Orcses,Orcses,Character
Gollums,Gollums,Character
Ach,Ach,Character
Gollum the Great,Gollum the Great,Character
Nice Sam,Nice Sam,Character
Núrnen,Núrnen,Character
Slinker,Slinker,Character
Eastlands,Eastlands,Character
Moontower,Moontower,Location
Heather,Heather,Character
Sam Ì,Sam Ì,Character
Èach,Èach,Character
S. Gamgee,S. Gamgee,Character
Wheew,Wheew,Character
Damrod,Damrod,Character
Mûmak,Mûmak,Character
Oliphaunts,Oliphaunts,Character
Laurelindórenan,Laurelindórenan,Character
Mablung,Mablung,Character
Tharkûn,Tharkûn,Character
Anborn,Anborn,Character
Fissh,Fissh,Character
Masster,Masster,Character
Unloose,Unloose,Character
Ànswer,Ànswer,Character
Elrond Halfelven,Elrond Halfelven,Character
Morgulduin,Morgulduin,Character
Wraith,Wraith,Character
Silmaril,Silmaril,Character
Torech Ungol,Torech Ungol,Character
Doriath,Doriath,Character
Samwise Frodo,Samwise Frodo,Character
Knobbed,Knobbed,Character
Hamfast,Hamfast,Character
Lorien,Lorien,Character
Cleft,Cleft,Character
Soon Sam,Soon Sam,Character
Ya harri hoi,Ya harri hoi,Character
Dead City,Dead City,Location
Oho,Oho,Character
Prisoner,Prisoner,Character
Nar,Nar,Character
Gorbag and Shagrat,Gorbag and Shagrat,Character
Elantris,Elantris,Character
BRANDON SANDERSON,BRANDON SANDERSON,Character
Joshua Bilmes,Joshua Bilmes,Character
Emily,Emily,Character
Moshe Feder,Moshe Feder,Character
Harriet McDougal,Harriet McDougal,Character
F. Paul Wilson,F. Paul Wilson,Character
Irene Gallo,Irene Gallo,Character
Moshe,Moshe,Character
Irene,Irene,Character
Ben McSweeney,Ben McSweeney,Character
Isaac Stewart,Isaac Stewart,Character
Greg Call,Greg Call,Character
Karen Ahlstrom,Karen Ahlstrom,Character
Rachel Biesinger,Rachel Biesinger,Character
Geoff,Geoff,Character
Tom Doherty,Tom Doherty,Character
Peter Ahlstrom,Peter Ahlstrom,Character
Michael Whelan,Michael Whelan,Character
ENVISAGER,ENVISAGER,Character
DUNNY,DUNNY,Character
GHOSTBLOOD,GHOSTBLOOD,Character
Kalak,Kalak,Character
Rock,Rock,Location
Shardblades,Shardblades,Character
Jezrien,Jezrien,Character
Alethkar,Alethkar,Character
Stormfather,Stormfather,Character
Szeth,Szeth,Character
Shin,Shin,Character
Thaylenah,Thaylenah,Character
Jah Keved,Jah Keved,Character
Jezerezeh,Jezerezeh,Character
Gavilar,Gavilar,Character
Kholinar,Kholinar,Location
Shardblade,Shardblade,Character
Shardbearer,Shardbearer,Character
Lashing,Lashing,Character
Plate,Plate,Character
Szeth Lashed,Szeth Lashed,Character
Lash,Lash,Character
Gavilar Kholin,Gavilar Kholin,Character
Thaidakar,Thaidakar,Character
Sadeas,Sadeas,Character
Betab,Betab,Character
Shortspears,Shortspears,Character
Shardbearers,Shardbearers,Character
Dallet,Dallet,Character
Kaladin,Kaladin,Character
Veden,Veden,Character
Squadleader Kaladin,Squadleader Kaladin,Character
Lighteyes,Lighteyes,Character
Highprince Sadeas,Highprince Sadeas,Character
Squadleader,Squadleader,Character
Kakash,Kakash,Character
Windspren,Windspren,Character
Tvlakv,Tvlakv,Character
Violet Salas,Violet Salas,Character
Tien,Tien,Character
Salas,Salas,Character
Tukks,Tukks,Character
Thaylen,Thaylen,Character
Bluth,Bluth,Character
Kharbranth,Kharbranth,Location
Tanates,Tanates,Character
Shallan,Shallan,Character
Crem,Crem,Character
Tozbek,Tozbek,Character
Jasnah Kholin,Jasnah Kholin,Character
Tashikk,Tashikk,Character
Jasnah,Jasnah,Character
Vedenar,Vedenar,Character
Dock,Dock,Character
Sail,Sail,Character
Alethi tan,Alethi tan,Character
Mkai,Mkai,Character
Yalb,Yalb,Character
Natanatan,Natanatan,Character
Soulcasters,Soulcasters,Character
Dumadari,Dumadari,Character
Highprince Valam,Highprince Valam,Character
Jesnan,Jesnan,Character
Highlord Amaram,Highlord Amaram,Character
Tag,Tag,Character
Katarotam,Katarotam,Character
Roshone,Roshone,Character
Nanes,Nanes,Character
Kharbranthian,Kharbranthian,Character
Soulcaster,Soulcaster,Character
Stormlit,Stormlit,Character
Elhokar,Elhokar,Character
An Alethi,An Alethi,Character
Selay,Selay,Character
Fabrisan,Fabrisan,Character
Malise Gevelmar,Malise Gevelmar,Character
Jasnah eyed Shallan,Jasnah eyed Shallan,Character
Miss Davar,Miss Davar,Character
Jasnah’s Soulcaster,Jasnah’s Soulcaster,Character
Soulcasting,Soulcasting,Character
Laral,Laral,Character
Shash,Shash,Character
Gaz,Gaz,Character
Feet,Feet,Character
Rockbuds,Rockbuds,Character
Talenelat’Elin,Talenelat’Elin,Character
Parshendi,Parshendi,Character
Palahishev,Palahishev,Character
Nan Balat,Nan Balat,Character
Kabsal,Kabsal,Character
Dandos Heraldin,Dandos Heraldin,Character
Jam,Jam,Character
Ishashan,Ishashan,Character
Thaylens,Thaylens,Character
Yustara,Yustara,Character
Artmyrn,Artmyrn,Character
Rencalt,Rencalt,Character
Hasweth,Hasweth,Character
Shauka,Shauka,Character
Syl,Syl,Character
Bridgeleader,Bridgeleader,Character
Rainwater,Rainwater,Character
Lunch,Lunch,Character
Kal,Kal,Character
Lirin,Lirin,Character
Sani,Sani,Character
Hesina,Hesina,Character
Chachanan,Chachanan,Character
Stormwardens,Stormwardens,Character
Blackbane,Blackbane,Character
Kaladin Stormblessed,Kaladin Stormblessed,Character
Kaladin Bridgeman,Kaladin Bridgeman,Location
Teft,Teft,Character
Kelek,Kelek,Character
Nu Ralik,Nu Ralik,Character
Sela Tales,Sela Tales,Character
Fu Abra,Fu Abra,Character
Thaspic,Thaspic,Character
Ishikk,Ishikk,Character
Maib,Maib,Character
Vun Makak,Vun Makak,Character
Vun Makak’s,Vun Makak’s,Character
Blunt,Blunt,Character
Thinker,Thinker,Character
Fu Ralis,Fu Ralis,Character
Fu Namir,Fu Namir,Character
Vao,Vao,Character
Hoid,Hoid,Character
Alavanta kamaloo,Alavanta kamaloo,Character
Balat,Balat,Character
Jasnah Kholin’s,Jasnah Kholin’s,Character
Scrak,Scrak,Character
Axehounds,Axehounds,Character
Asha Jushu,Asha Jushu,Character
Tet Wikim,Tet Wikim,Character
Nan Helaran,Nan Helaran,Character
Helaran,Helaran,Character
Wikim,Wikim,Character
Kurp,Kurp,Character
Truthless,Truthless,Character
Muck,Muck,Character
Surgebinder,Surgebinder,Character
Avado,Avado,Character
Bavland,Bavland,Location
Renarin,Renarin,Character
Adolin,Adolin,Character
Dalinar Kholin,Dalinar Kholin,Character
Dalinar,Dalinar,Character
Rilla,Rilla,Character
Janala,Janala,Character
Blade,Blade,Character
Tarilar,Tarilar,Character
Brightlord Adolin,Brightlord Adolin,Character
Vartian,Vartian,Character
Lomard,Lomard,Character
Prince Adolin,Prince Adolin,Character
the King’s Wit,the King’s Wit,Character
The King’s Wit,The King’s Wit,Character
Navani,Navani,Character
King Gavilar,King Gavilar,Character
Bashin,Bashin,Character
Weepings,Weepings,Character
Elhokar wheeled Vengeance,Elhokar wheeled Vengeance,Character
Purple gore,Purple gore,Character
Oathbringer,Oathbringer,Character
Greatshell,Greatshell,Character
Blackthorn,Blackthorn,Character
Dunny,Dunny,Character
Moash,Moash,Character
Azish,Azish,Character
Roshar,Roshar,Character
Horneaters,Horneaters,Character
Horneater,Horneater,Character
Alethi,Alethi,Character
Barbs,Barbs,Character
This Wit,This Wit,Character
Brightlord Sadeas,Brightlord Sadeas,Character
Highprince Bethab,Highprince Bethab,Character
Highprince Vamah,Highprince Vamah,Character
Uncle Gavilar,Uncle Gavilar,Character
Rall Elorim,Rall Elorim,Character
Citylord Wistiow,Citylord Wistiow,Character
Khav,Khav,Character
Jost,Jost,Character
Jest,Jest,Character
Soulcastings,Soulcastings,Character
Drehy,Drehy,Character
Leyten,Leyten,Character
Murk,Murk,Character
Adis,Adis,Character
Hobber,Hobber,Character
Koorm,Koorm,Character
Gadol,Gadol,Character
Youthful Dunny,Youthful Dunny,Character
Peet,Peet,Character
Rayse,Rayse,Character
Vandonas,Vandonas,Character
Yis,Yis,Character
Teshav,Teshav,Character
Ryshadium,Ryshadium,Character
Highprince Aladar,Highprince Aladar,Character
Hatham,Hatham,Character
Thanadal,Thanadal,Character
Kadash,Kadash,Character
Ruthar,Ruthar,Character
Highprince Ruthar,Highprince Ruthar,Character
Gemhearts,Gemhearts,Character
Aladar,Aladar,Character
Highprince Aladar’s,Highprince Aladar’s,Character
Stormwinds,Stormwinds,Character
Honorblades,Honorblades,Character
Smokestance,Smokestance,Character
Battar,Battar,Character
Seeli,Seeli,Character
Taffa,Taffa,Character
Urithiru,Urithiru,Location
Harkaylain,Harkaylain,Character
Desolation,Desolation,Character
Harl,Harl,Character
Hav,Hav,Character
Aona,Aona,Character
Cadilar,Cadilar,Character
Brightlord Neteb,Brightlord Neteb,Character
Brightlord Taselin,Brightlord Taselin,Character
Yonatan,Yonatan,Character
Lady Meirav,Lady Meirav,Character
Aunt Navani,Aunt Navani,Character
Mathana,Mathana,Character
Vedens,Vedens,Character
Bavadin,Bavadin,Character
Knobweed,Knobweed,Character
Natam,Natam,Character
Ishi,Ishi,Character
Nomon,Nomon,Character
Soulcast,Soulcast,Character
No Alethi,No Alethi,Character
Nohadon,Nohadon,Character
Malasha,Malasha,Character
Nanha Relina,Nanha Relina,Character
Nanha Terith,Nanha Terith,Character
Jarel,Jarel,Character
Litima,Litima,Character
Unseen,Unseen,Character
Isasik Shulin,Isasik Shulin,Character
Kalami,Kalami,Character
Brightlord Aladar,Brightlord Aladar,Character
Teleb,Teleb,Character
Wearing Shardplate,Wearing Shardplate,Character
Havarah,Havarah,Character
Herdazian,Herdazian,Character
Sureblood,Sureblood,Character
Origin,Origin,Character
Darkeyes,Darkeyes,Character
Sigzil,Sigzil,Character
Brightlord,Brightlord,Character
Skar,Skar,Character
Kalana,Kalana,Character
Ladent,Ladent,Character
Fifth Battalionlord,Fifth Battalionlord,Character
Havrom,Havrom,Character
Tanfaced,Tanfaced,Character
Highprince Thanadal,Highprince Thanadal,Character
Bang,Bang,Character
Danlan Morakotha,Danlan Morakotha,Character
Danlan,Danlan,Character
Natan,Natan,Character
Reed,Reed,Character
Voidbringer,Voidbringer,Character
Vstim,Vstim,Character
Kylrm,Kylrm,Character
Tan balo ken tala,Tan balo ken tala,Character
Thresh,Thresh,Character
Kasitor,Kasitor,Character
Iriali,Iriali,Character
Aimians,Aimians,Character
Iri,Iri,Character
Makkek,Makkek,Character
Stone,Stone,Character
Bornwater,Bornwater,Character
Staplind,Staplind,Character
Gavashaw,Gavashaw,Character
Coldwin,Coldwin,Character
Eylita,Eylita,Character
Veden house,Veden house,Faction
Errorgant,Errorgant,Character
Bisig,Bisig,Character
Lamaril,Lamaril,Character
Narm,Narm,Character
Luten,Luten,Character
Balsas,Balsas,Character
Rob,Rob,Character
Lopen,Lopen,Character
Bridges,Bridges,Character
Guvlow,Guvlow,Character
Ardents,Ardents,Character
Jasnah performing Soulcastings,Jasnah performing Soulcastings,Character
Jasnah Soulcasting,Jasnah Soulcasting,Character
Brother Habsant,Brother Habsant,Character
Thaylen City,Thaylen City,Location
Silver Kingdoms,Silver Kingdoms,Character
Shin Kak Nish,Shin Kak Nish,Character
Alethela,Alethela,Character
Kama,Kama,Character
Ista,Ista,Character
Parshmen,Parshmen,Character
Blades,Blades,Character
Kadrix,Kadrix,Character
Ralinsa,Ralinsa,Character
Shallan Davar,Shallan Davar,Character
Dung,Dung,Character
Wistiow,Wistiow,Character
Dalilak,Dalilak,Character
Natir,Natir,Character
Barm,Barm,Character
Rillir,Rillir,Character
Broken,Broken,Character
Bandage,Bandage,Character
Goshel,Goshel,Character
Deathspren,Deathspren,Character
Alezarv,Alezarv,Character
Taravangian,Taravangian,Character
Sur Kamar,Sur Kamar,Character
Bluebar,Bluebar,Character
Char,Char,Character
Torfin,Torfin,Character
Shields,Shields,Character
Marabethia,Marabethia,Character
Milp,Milp,Character
Innia,Innia,Character
Brightness Jasnah,Brightness Jasnah,Character
Ixil,Ixil,Character
Hashal,Hashal,Character
Durk,Durk,Character
Cherish,Cherish,Character
Earless Jaks,Earless Jaks,Character
Highmarshal Amaram,Highmarshal Amaram,Character
Lighteyed,Lighteyed,Character
Stormwarden,Stormwarden,Character
Waber,Waber,Character
Callins,Callins,Character
Abry,Abry,Character
Arafik,Arafik,Character
Habrin,Habrin,Character
Sergeant Hav,Sergeant Hav,Character
Traxil,Traxil,Character
Klade,Klade,Character
King Gavilar’s,King Gavilar’s,Character
Highprince Dalinar,Highprince Dalinar,Character
Biography,Biography,Character
Aharietiam,Aharietiam,Character
TANAVAST,TANAVAST,Character
ODIUM,ODIUM,Character
Worldsinger,Worldsinger,Character
Delp,Delp,Character
Parshman,Parshman,Character
Shen,Shen,Character
Squadleaders,Squadleaders,Character
Bridgeboy,Bridgeboy,Character
Adolin Kholin,Adolin Kholin,Character
Nalem,Nalem,Character
Korabet,Korabet,Character
Hallaw,Hallaw,Character
Highprince Sadeas’s,Highprince Sadeas’s,Character
Gare,Gare,Character
Ven,Ven,Character
Larn,Larn,Character
Korater,Korater,Character
Cyn,Cyn,Character
Norby,Norby,Character
Lyndel,Lyndel,Character
Hamel,Hamel,Character
Alabet,Alabet,Character
Coreb,Coreb,Character
Mungam,Mungam,Character
Strawberry,Strawberry,Character
Stormblessed,Stormblessed,Character
Evod Markmaker,Evod Markmaker,Character
Hab,Hab,Character
Baxil,Baxil,Character
Kadasix,Kadasix,Character
Emul,Emul,Character
Epan,Epan,Character
Shadesmar,Shadesmar,Location
Gom,Gom,Character
Reshi,Reshi,Character
Stormlight,Stormlight,Character
Szeth’s Blade,Szeth’s Blade,Character
Leef,Leef,Character
red rock,red rock,Location
Dalinar He,Dalinar He,Character
Dated Vevahach,Dated Vevahach,Character
Would Gaz,Would Gaz,Character
Gibletish,Gibletish,Character
Brightlord Dalinar,Brightlord Dalinar,Character
Sesemalex Dar,Sesemalex Dar,Character
Dawncities,Dawncities,Character
Shardplate,Shardplate,Character
Fin,Fin,Character
Brightking Alazansi,Brightking Alazansi,Character
Nalma,Nalma,Character
Dalinar Kholin’s,Dalinar Kholin’s,Character
Cremlings,Cremlings,Character
Wounded Parshendi,Wounded Parshendi,Character
Shashanan,Shashanan,Character
Arik,Arik,Character
Amark,Amark,Character
Derethil,Derethil,Character
Uvara,Uvara,Character
Nafti,Nafti,Character
ReShephir,ReShephir,Character
Jakamav,Jakamav,Character
Toral,Toral,Character
Kholin,Kholin,Character
Abamabar,Abamabar,Character
the Granite Kingdom,the Granite Kingdom,Character
Highprince Thanadal’s,Highprince Thanadal’s,Character
Lady Istow,Lady Istow,Character
Resi,Resi,Character
Stonestance,Stonestance,Character
Betabanan,Betabanan,Character
Alakavish,Alakavish,Character
Tarma,Tarma,Character
Karm,Karm,Character
Bajerden,Bajerden,Character
Yelignar,Yelignar,Character
Dara,Dara,Character
Navani Kholin,Navani Kholin,Character
Kakevah 1173,Kakevah 1173,Character
Darkeyed,Darkeyed,Character
Matal,Matal,Character
Kakashah 1173,Kakashah 1173,Character
Tarah,Tarah,Character
Kakashah,Kakashah,Character
Shshshsh,Shshshsh,Character
Bridgeleaders,Bridgeleaders,Character
Plated,Plated,Character
Kaktach 1173,Kaktach 1173,Character
Dalinar’s,Dalinar’s,Character
Daigonarthis,Daigonarthis,Character
Toward Dalinar Kholin’s,Toward Dalinar Kholin’s,Character
This Dalinar Kholin,This Dalinar Kholin,Character
Gather,Gather,Character
Brightcaller,Brightcaller,Character
Neshua Kadal,Neshua Kadal,Character
Find Tien,Find Tien,Character
Sheler,Sheler,Character
Varth,Varth,Character
Hearthstone,Hearthstone,Location
Captainlord Malan,Captainlord Malan,Character
Mashala,Mashala,Character
Brushpen,Brushpen,Character
Elthal,Elthal,Character
Jasnah grasped Shallan,Jasnah grasped Shallan,Character
Jasnah handed Shallan,Jasnah handed Shallan,Character
Slaughter Parshendi,Slaughter Parshendi,Character
Ghostbloods,Ghostbloods,Character
Odium,Odium,Character
Voidbinding,Voidbinding,Character
Joshor,Joshor,Character
FABRIALS Augmenters,FABRIALS Augmenters,Character
Spanreeds,Spanreeds,Character
FABRIALS,FABRIALS,Character
Surgebinding,Surgebinding,Character
